Year,Percent
Before high school,3.980699638
9-10th Grade,22.79855247
11-12th Grade,33.35343788
College,6.272617612
21+,14.053076
Never,19.54161641