Times,Count,Percent
0,782,47.27932285
1-2,602,36.39661427
3-4,200,12.09189843
5-6,49,2.962515115
7-8,9,0.544135429
9+,12,0.725513906
